First Name,Last Name,Gender,DateOfBirth,Email,Phone Number,Address,City,State,Postal Code,Country,LoyaltyProgramID
Adam,Huang,M,1976-02-28,jamesvargas@example.com,001-495-916-1070,6606 Randy Road West Lisa  RI 17919,Ruthport,Maine,88138,Myanmar,5
Jennifer,Garcia,M,2020-07-30,jasonmiller@example.net,871.265.6886,8239 Terri Road Suite 431 Teresafurt  VT 98538,North Sherry,New Jersey,36611,Dominica,3
Heather,Gross,F,2021-09-21,rschultz@example.org,+1-338-524-1714x520,202 Kemp Pines Lake Shawn  HI 69145,Michaelside,Arizona,55738,Isle of Man,5
Adam,Stokes,M,1981-03-26,idaniels@example.com,100-545-9388,PSC 7920  Box 8375 APO AA 71829,Morganland,Maine,35619,Ecuador,4
Steve,Smith,F,1970-09-09,mark70@example.com,396-253-8389x096,PSC 9510  Box 3469 APO AA 18879,Port Troytown,Virginia,71771,Cote d'Ivoire,1
Nicole,Levine,M,2006-07-13,qgrant@example.net,493-946-0155x4767,40023 Leslie Springs South Johnmouth  WI 55975,Benjaminville,New Hampshire,85154,Guinea,4
Jasmine,White,M,1973-11-05,brenda96@example.net,+1-271-563-4238x72999,1798 Powell Trail Apt. 069 West Alishaborough  NH 56196,New Nathanchester,North Carolina,86789,Martinique,2
George,Shelton,M,1990-11-14,stephen26@example.org,+1-074-063-3344x3945,1327 William Isle Apt. 125 North Michelebury  CO 17667,South Jennifer,New Hampshire,87248,Saint Lucia,1
Wendy,Holloway,M,1989-03-07,wjohnson@example.net,427-973-3891,771 Riddle Street Leeshire  IN 96088,Ibarrahaven,Florida,80934,Venezuela,2
Tiffany,Lawson,F,2023-03-27,kgray@example.com,852.004.3147,61501 Aguilar Path West Matthewchester  CA 33081,East Scottborough,Illinois,66739,Angola,4
Stephanie,Jenkins,F,1987-03-18,nicholassawyer@example.com,+1-310-518-3448x852,04092 Daniel Point Apt. 465 East Dawn  NC 99446,Sandrashire,Louisiana,59808,Liberia,4
Richard,Chavez,F,2021-03-06,hlawrence@example.net,(336)265-5838x7639,998 Daniel Glens Apt. 403 South Eric  NV 68425,Krystalport,Oklahoma,49230,Sierra Leone,2
Harry,Knox,F,1988-02-10,owensnancy@example.org,+1-984-802-0626x590,5801 Jeremy Hill Port Stevenchester  KY 35026,Poncemouth,Rhode Island,92691,Bermuda,3
Brian,Rodriguez,M,2017-05-09,timothyfranklin@example.net,(689)366-9090x56220,72881 Matthew Forks Apt. 273 Kaylashire  DE 92813,Roseport,Maryland,01391,Switzerland,5
Heather,Carter,F,1995-06-02,juliaramos@example.net,(782)960-7174,692 Schultz Mall Lisahaven  MO 20792,New Jasminhaven,Nebraska,13300,Samoa,5
Marcus,Gordon,F,1997-03-11,nicolehansen@example.net,001-125-236-7125x5580,6531 Aaron Pines Suite 032 South Katherine  IN 03132,East Sabrinachester,Wyoming,19883,Guadeloupe,1
Morgan,Kelley,F,2016-11-16,fromero@example.org,550-784-1384x4762,85323 Kyle Crescent Apt. 499 Victoriaberg  VA 46821,West William,Tennessee,38061,Togo,4
Lisa,Copeland,F,2004-05-20,ramirezbeth@example.com,001-961-257-9503x7396,220 Brewer Neck East Martin  ND 71011,South Juan,Georgia,93737,Kuwait,5
Ethan,Love,F,2019-03-15,zhernandez@example.com,348-752-2472,759 Kelley Throughway North Jasminechester  TX 43281,Erikhaven,Arizona,69000,Netherlands Antilles,5
Kelly,Harvey,M,1979-03-31,vpeterson@example.com,146.043.4385x761,5619 Jackson Overpass Port Ashlee  TX 04250,Kirkville,New Mexico,46523,Myanmar,1
Joseph,Walsh,M,1990-06-14,xmyers@example.com,001-774-498-8002x63051,374 Michelle Pine Apt. 332 South Sarahfurt  KY 26053,Mitchellfort,Hawaii,66735,Togo,4
April,Thomas,M,1971-07-05,alvarezrichard@example.org,461-484-3934,881 Jason Walks South Angela  DC 45624,New Sandratown,Arizona,48188,Costa Rica,1
Jenna,Lane,M,1998-05-30,zburns@example.com,9338769328,6354 Lara Loop Archerbury  OR 71387,Lindsaystad,Texas,88111,Cocos (Keeling) Islands,1
Katelyn,Long,F,1998-10-07,feliciaporter@example.com,+1-213-533-1704x3897,27924 Baker Fort Suite 993 Hartbury  MO 48264,West Dustinstad,Georgia,02954,Serbia,5
Cheryl,Willis,F,1994-06-17,smithjames@example.org,+1-822-389-3775x549,1239 Jacob Wall Suite 495 Lisachester  AZ 71151,West Kathrynmouth,West Virginia,28250,Tuvalu,5
Richard,Romero,M,1987-02-27,willisbrittany@example.com,(628)289-0896x067,84275 Richard Pines Suite 408 East Angelaview  OK 20142,East Deborahmouth,North Carolina,82282,Pitcairn Islands,4
Brittney,Hendrix,M,1979-03-10,davidwilson@example.net,+1-525-435-8934,035 Mark Spur Suite 738 Angelicaland  KY 39502,Lake Tammiemouth,Michigan,55503,Nicaragua,4
Richard,Mitchell,M,2005-05-03,travishobbs@example.com,001-624-813-9231x35070,468 Chang Station Barnesshire  OR 24574,Jimmytown,Maine,30913,Ukraine,2
April,Carter,M,2017-07-15,ialexander@example.org,(351)354-9438x7791,25527 Casey Route East Chaseton  NJ 08025,North Scott,Arkansas,54020,Dominica,1
Ronald,Mitchell,F,1978-09-03,todd20@example.org,(083)339-8119,5363 Myers Mountain Apt. 497 West Melanie  MS 39603,Port Audrey,Mississippi,94054,Korea,3
Jessica,Davidson,M,1991-02-27,richardvillegas@example.com,324-631-1382x2850,220 Frederick Extensions East Paultown  ME 83026,South Nicoleview,New Jersey,53848,Japan,2
Catherine,Ponce,F,1973-05-08,jessicaharvey@example.net,+1-547-277-6795x69720,986 Tucker Fork Dorseyfort  TN 33285,Ashleyside,Virginia,16421,Faroe Islands,4
Travis,Frazier,M,1971-09-28,stanleydavid@example.com,+1-896-746-7340,2886 Johnson Mission West Joshuatown  IN 25215,Donaldview,Minnesota,76460,Heard Island and McDonald Islands,1
Tracy,Marquez,M,1984-03-11,aflores@example.com,0208732893,216 Hooper Spring Rogerstown  MA 70401,Robertsonside,New Jersey,98734,Sudan,1
Penny,Hopkins,M,1986-01-15,sarahnguyen@example.net,224.178.5018x2773,PSC 6935  Box 4381 APO AE 40857,Parksborough,Arkansas,16548,Argentina,1
Julia,Holt,F,1998-11-21,burnsandrea@example.net,819.055.8247x582,USCGC Moore FPO AE 59547,Port Karamouth,Nebraska,97530,Hungary,1
Kathryn,Dudley,M,1972-10-05,baileydickerson@example.net,447.112.7008x85261,2573 Rhonda Parkway Ayalamouth  MS 83622,North Benjamin,South Carolina,07897,Germany,2
Mary,Payne,F,2009-11-08,mary31@example.com,931-071-5250x536,400 Turner Well West Ronald  WV 90992,Maryborough,Minnesota,76795,Bouvet Island (Bouvetoya),1
Stephanie,Hess,F,1993-01-23,benjaminjennings@example.org,(102)651-1145x05159,85879 Peterson Walks Apt. 534 Hendersonburgh  UT 93702,Roberthaven,California,66332,Portugal,3
Jeffery,Li,M,1972-07-18,hhaynes@example.net,056-057-5333,9892 Sean Streets Apt. 161 New Jessica  SC 71617,Port Kyliefurt,New Mexico,86685,Benin,3
Donna,Benson,M,2009-06-23,petersmonique@example.org,681-588-7010x9079,551 Jason Parkways East Dawnside  GA 99184,Maryborough,Illinois,91370,Mozambique,5
Mark,Deleon,F,1982-01-17,jose45@example.net,343-728-7784,2393 Murphy Mountain Apt. 073 Stefanieberg  DE 51112,Abigailshire,New Hampshire,54116,Singapore,4
Jason,Diaz,F,1999-04-27,fanderson@example.org,001-650-751-4012x5749,0647 Jackson Expressway East Seanbury  NY 74872,North Donald,Washington,11325,Zimbabwe,3
Mary,Hansen,F,1974-06-20,jgraves@example.org,474.799.2758,09521 Raymond Street Apt. 121 Patriciachester  SD 34467,Andrewville,North Dakota,55736,Saudi Arabia,4
Kelly,Dalton,F,2003-11-02,denise86@example.org,(365)504-7118,945 Dixon Mountain Suite 010 Jonesview  AR 83860,East Bryan,Maryland,69066,Dominican Republic,3
Grace,Holland,F,1994-08-09,ann96@example.com,312.005.3350x2422,Unit 1644 Box 2466 DPO AA 70477,Amyport,Iowa,84193,Chile,2
Jasmine,Young,F,1986-11-12,reginaldcook@example.net,(251)477-6129x82547,453 Krueger Meadows Keithmouth  MI 97114,East Matthewshire,Utah,65419,Wallis and Futuna,2
Johnny,Silva,M,2015-10-25,erin80@example.com,+1-659-548-0520,43692 Mckinney Meadows Donaldmouth  NH 31385,New Micheleview,Mississippi,11134,Holy See (Vatican City State),1
Jordan,Smith,F,2010-07-29,fordmichael@example.com,115-470-3865x1749,779 Jonathan Brook Apt. 193 North Kevinfort  MA 07359,Lake Charleston,Hawaii,68014,Niue,1
Eric,Patrick,M,1972-12-26,kendra12@example.net,001-697-594-6335x185,12747 Debra Valley Lake Christina  MD 02156,Port Joyce,New Mexico,16911,Saint Helena,2
Riley,Lang,F,2016-02-29,juan71@example.org,579.546.9163,5377 Cross Mountain Kevinberg  VA 95268,Gutierrezburgh,Tennessee,04401,French Southern Territories,1
Mary,Watkins,F,2015-02-04,rhonda24@example.com,678.744.9758x3924,1489 Kelly Lodge Suite 854 Port Jessica  VA 09262,North Mark,California,82653,Burkina Faso,4
Jared,Bowman,F,1988-12-20,stephanie72@example.net,+1-741-007-3315x783,830 Pamela Summit Suite 710 Port Melissafort  ME 63916,Nathanmouth,Louisiana,14032,Dominica,1
Richard,Hill,M,2010-11-04,rogerslaura@example.net,767-830-6982,9936 Jaime Wells Apt. 740 South Erica  ND 53198,Rileyhaven,South Dakota,56752,Dominican Republic,3
Albert,Wong,M,2018-02-09,tammykim@example.com,971-601-2739,715 Duane Place East Luis  AZ 24676,Woodview,South Carolina,54465,Faroe Islands,2
Tammy,Tucker,F,2009-09-05,ttownsend@example.net,067-554-8503x66390,4229 Jeremy Manors Melodyville  NY 80950,Jordanview,Alabama,17994,Ghana,1
James,Davidson,M,1996-11-18,jack99@example.com,+1-312-864-5594x6381,Unit 0010 Box 8661 DPO AA 63461,Pachecoland,Utah,95544,Eritrea,5
John,Mcmahon,M,1992-12-05,rita39@example.com,+1-511-094-9412x9880,USNS Barker FPO AP 26438,Sandershaven,Michigan,70231,Italy,3
Susan,Reyes,M,1986-09-08,dmyers@example.org,7917192661,472 Scott Squares Suite 835 Davisburgh  WY 10600,Castilloville,Idaho,13164,Sudan,3
Kayla,Taylor,F,1983-10-08,ccamacho@example.net,+1-940-619-2692x434,9534 Sarah Estates Lake Jessicabury  KS 06551,New Jamesmouth,Connecticut,70892,Peru,4
Cheryl,Carlson,M,1989-01-22,xjordan@example.net,245-778-2079,738 Russell Meadows Wellsberg  OR 91406,East Cynthialand,Idaho,63717,Niue,3
George,Barber,F,1984-12-17,xholt@example.com,+1-320-909-4322x047,12179 Nielsen Ferry Apt. 374 East Sara  IA 39461,East George,Texas,33900,Pakistan,3
Anthony,Jones,F,1976-04-13,sharonmcclain@example.org,(207)237-0357x4795,20739 Cline Cliff Suite 669 Pierceview  NM 81827,Reginaldton,North Carolina,70960,Uganda,1
Adam,Nelson,F,2011-04-08,louis02@example.net,001-405-260-2595,PSC 7536  Box 9522 APO AA 27756,Campbellhaven,Illinois,22953,Iran,3
Charles,Rogers,F,1984-07-05,joycebrenda@example.org,021.349.8167,745 Johnson Flat Fergusonbury  RI 87195,Davidhaven,New Jersey,85306,Italy,2
Sarah,Cole,F,2018-09-08,paulharper@example.com,5776280238,1237 Bradley Cove Apt. 813 Travisland  ND 80483,North Miguelshire,Indiana,07783,Iceland,1
Cynthia,Holt,M,2012-10-23,elizabethmurray@example.org,039.776.6043,40736 Lewis Villages Boothborough  IL 33406,Garciaton,Vermont,17281,Paraguay,4
Michelle,Torres,F,1994-04-09,harrisjillian@example.com,001-189-365-7720x867,552 Jennifer Circle Perezberg  MN 73133,North Krystalside,Hawaii,61744,Kyrgyz Republic,1
Lori,Lucas,F,1970-03-09,watsongregory@example.com,213.106.1604x9032,7019 Gordon Circle Zacharyport  RI 07124,West Dawn,Nevada,44176,Algeria,2
Matthew,Murray,M,1970-07-15,cgarcia@example.org,924-236-7728x800,39716 Hill Circle Nielsenview  MA 99101,Millerberg,North Carolina,39617,Chile,5
Barbara,Hernandez,M,2021-06-10,mcintoshrodney@example.net,354-887-3613,9251 David Throughway South Annette  OK 64541,Paulshire,Tennessee,49339,Ghana,2
Gregory,Lopez,M,2023-06-27,reynoldsdiane@example.org,509.340.2792,0146 Joyce Plaza Rogerport  IL 65949,Jennifermouth,Connecticut,13365,Mexico,1
Julie,Hardin,M,1973-10-17,qbarrett@example.org,001-486-010-7106x7071,0672 Rachel Mission North Matthew  RI 16844,New Kristina,New Jersey,86494,Bulgaria,3
Robert,Zavala,F,1978-07-20,johnsonanna@example.net,5681548556,44347 Gordon Junctions West Johnbury  MA 53911,Stephanieland,Mississippi,51262,United States of America,4
Brian,Anderson,M,1980-04-13,eddiebeard@example.com,001-992-180-1088,953 Ramirez Roads South Gabriel  WI 54884,East Donnatown,Virginia,17574,Seychelles,1
Laura,Burns,F,1987-02-21,ecollins@example.org,7149979223,52584 Prince Plaza Lake Jonland  CA 87744,East Jennifer,California,17447,Dominica,1
Julie,Horne,M,1979-06-20,alvaradomark@example.org,580-173-7716,02660 James Mills Andrechester  MO 34600,North Robinmouth,New Mexico,41129,Saint Pierre and Miquelon,5
Jonathan,Newman,F,1978-01-16,rhenderson@example.com,+1-704-874-3940x23758,17899 Johnston Port North Johnville  DC 16111,Mccoyville,Michigan,05622,Yemen,4
David,Jackson,M,1975-01-21,webercarolyn@example.com,8049430254,52991 Natalie Inlet Suite 494 Ricetown  NE 81664,Espinozafurt,Wyoming,49866,Tuvalu,5
Scott,Horne,F,1976-07-01,rojaselizabeth@example.com,196-293-6432x53303,PSC 2760  Box 3540 APO AP 51509,Matthewstad,Kentucky,62660,Malta,5
Zachary,Davis,M,1983-08-03,scott63@example.org,001-844-983-8019x49281,19847 Patel Turnpike Amyborough  SD 27897,Port Benjamin,Illinois,67033,Anguilla,3
Richard,Sexton,F,2008-11-30,kfox@example.com,+1-006-522-5423x14459,001 Nguyen Pine Willisview  HI 52662,Lynnfurt,Vermont,61604,Luxembourg,3
Anthony,Hawkins,M,1996-12-15,jeffrey18@example.com,655-583-2266,4675 Santos Tunnel Port Matthew  OR 00905,Durhamberg,Washington,70527,Tajikistan,5
Matthew,Meadows,F,2001-03-26,cmoore@example.net,+1-402-092-5616,96795 Bradley Ways New Brandon  WA 72344,West Sandra,Virginia,49819,Nauru,2
Kayla,Scott,M,1984-10-09,gwendolyngreen@example.org,001-049-531-0554x89903,4805 Carla Camp Apt. 181 Lake Christopherbury  AZ 18025,West Laura,North Carolina,77760,Finland,2
Seth,Sanchez,F,1979-03-09,lduncan@example.org,(173)418-2112,552 Jeffrey Summit Suite 160 Keithton  CO 90048,Josephhaven,Alaska,52152,Jamaica,3
James,Padilla,M,1975-12-14,jennifer40@example.net,001-583-457-9776,13057 Holt Fork Apt. 949 Amberburgh  NY 52316,East Veronica,New Jersey,95844,Panama,2
Robert,Barnett,M,2005-11-10,munozmariah@example.com,(398)801-3731,449 Linda Pass Port Ryanshire  WY 74611,Port Darlene,Idaho,30970,Hungary,3
Jerry,Green,F,1983-05-12,lynchchristopher@example.org,+1-074-211-6786x5323,65959 Wright Bypass Apt. 425 North Elizabeth  DC 56883,Simpsonhaven,New Jersey,75983,Puerto Rico,5
Brandi,Wood,M,2019-08-24,woodlawrence@example.net,204-287-4227x35606,92349 Martin Radial North Brenda  AR 59121,Olsonmouth,Maryland,53317,Armenia,5
Debbie,Bridges,M,2013-07-24,cperez@example.com,+1-147-444-5357x214,USCGC Doyle FPO AP 82961,Brennanhaven,Michigan,03169,Cook Islands,1
Kathleen,Walters,F,1993-01-07,taraparker@example.org,001-322-153-7999x45803,639 Brewer Squares Suite 883 Gomezburgh  IL 90911,Michelleburgh,Indiana,26070,India,1
Victoria,Johnson,F,1970-02-18,qjohnson@example.net,+1-374-910-1057x33189,714 Shaw Parks East Nina  SC 33702,Port Robert,Utah,98488,Turks and Caicos Islands,2
Mike,Cohen,F,1987-06-23,devin66@example.org,583-595-2853,360 Mary Inlet Millsfort  ME 33247,South Katherine,North Dakota,18622,Cyprus,2
Steven,Gaines,M,1998-11-09,james97@example.net,529.640.8295,PSC 1709  Box 6375 APO AE 62501,West Tonyaview,New Jersey,16151,Tonga,4
Maria,Watson,F,1994-03-06,anthonyhenderson@example.org,001-340-517-2134,8484 Delgado Plains Apt. 323 Andersonberg  NV 05777,Oliviafort,Indiana,55424,Bouvet Island (Bouvetoya),2
Chelsea,Baker,F,1971-06-11,zkeller@example.org,842.606.2890,53571 Berry Port Apt. 207 Port Michelle  IL 54728,Petersonmouth,Colorado,58467,Mongolia,4
Samantha,Curtis,F,1988-07-03,shellyharper@example.net,+1-108-100-9131x84216,35521 Mark Gateway Apt. 144 Port Susan  ID 87513,Jacquelineborough,Ohio,29499,Korea,3
Adam,King,M,1993-05-09,apriltate@example.net,+1-372-732-5858x964,56358 Martin Manors New Scott  CA 48110,New Wayneshire,Kentucky,84212,Cote d'Ivoire,1
Ashley,Davis,M,1973-08-14,maxwellscott@example.com,(120)660-6107,71301 Tara Bypass Danielberg  NY 33708,Karatown,South Dakota,97039,Cuba,5
